feature,F_statistic,p_value
mfcc_10_min_segmean,24.43413226416527,9.04487228340121e-06
mfcc_delta_11_std_segmean,22.918743729911114,1.542433906644341e-05
mfcc_delta_01_std_segmean,18.12323200629932,9.099697188516787e-05
mfcc_delta_13_std_segmean,17.112889885363636,0.00013470194138818738
mfcc_10_std_segmean,15.790824936920655,0.00022745801834141225
mfcc_13_std_segmean,15.354616777489914,0.0002711278276270202
mfcc_delta_10_std_segmean,15.01701933280112,0.0003109052932710518
mfcc_10_mean_segmean,14.919420878466838,0.00032350875059825886
mfcc_delta_08_std_segmean,13.246555080988726,0.0006467828702636656
mfcc_10_median_segmean,12.436269645560403,0.0009122401688130124
mfcc_11_std_segmean,11.523615247946218,0.0013531934044249039
mfcc_delta_04_std_segmean,11.114769537444184,0.0016187083700039985
onset_strength_std_segmean,10.889337620713523,0.0017880159418759355
mfcc_delta_15_std_segmean,10.485203558996469,0.002139782619840797
mfcc_04_std_segmean,10.291108857314082,0.0023339190003080147
mfcc_08_std_segmean,10.178488505794377,0.002454977321297987
mfcc_delta_05_std_segmean,10.120008354042252,0.0025204273378643203
mfcc_02_max_segmean,9.958064173308276,0.0027114329329454906
mfcc_05_std_segmean,9.713533535257664,0.0030292329367529666
mfcc_13_min_segmean,9.68758702743844,0.003065183683792705
mfcc_08_mean_segmean,9.558877676987509,0.003250281168558658
mfcc_15_std_segmean,9.229977275220602,0.0037788100608191766
mfcc_19_min_segmean,9.22119722998417,0.0037941027850933924
mfcc_08_median_segmean,9.044000381669598,0.004117091056346998
spectral_centroid_mean_segstd,9.003760524967248,0.0041944006032528635
mfcc_delta_07_std_segmean,8.94576697041229,0.004308522515072853
mfcc_01_median_segstd,8.859199989222494,0.004485003478380559
mfcc_08_min_segmean,8.43487085648818,0.00546744095397597
spectral_contrast_6_mean_segmean,8.301872315219656,0.005820262953448267
zcr_mean_segstd,8.232813657551533,0.006012877341214265
mfcc_01_median_segmean,8.18413692336729,0.0061526836116105295
mfcc_07_std_segmean,8.151310049122735,0.006248903603423816
mfcc_19_mean_segmean,8.118479438233598,0.006346726678001609
mel_008_mean_segmean,8.069227783663534,0.006496525683239062
mfcc_01_max_segmean,7.843673398546741,0.007231914548162197
mfcc_01_mean_segmean,7.7117236075001685,0.007702519491287018
onset_strength_mean_segmean,7.552689857874259,0.008313179906340928
mfcc_01_std_segmean,7.499053083696062,0.008530530443906063
mfcc_21_median_segstd,7.454372394922088,0.008716184472378577
mfcc_12_std_segmean,7.350488778863562,0.009164584863449616
mfcc_delta_17_std_segmean,7.249770698978538,0.009622726344152854
mel_030_mean_segmean,7.158769244635843,0.010057581037065368
mfcc_delta_01_std_segstd,7.118690051111048,0.010255670243257584
mfcc_15_std_segstd,7.0921784207011465,0.010388974470115097
mfcc_delta_19_std_segmean,6.728551043035131,0.0124152190321655
mfcc_19_std_segmean,6.535164374440332,0.013660399341507787
mfcc_19_median_segmean,6.47760794283229,0.014056156341177566
mfcc_09_max_segstd,6.355692299737087,0.014935328691111813
mel_031_mean_segmean,6.246608170312734,0.01577170288715741
mfcc_21_std_segmean,6.179711508940528,0.01630920214991238
mel_105_mean_segmean,6.097823051601623,0.016993886072297026
mel_110_mean_segmean,6.046786861364117,0.017436072593145474
mfcc_delta_12_std_segmean,6.011041161811561,0.017753083410959502
spectral_contrast_5_mean_segmean,5.996598466255574,0.01788290872823649
mel_008_mean_segstd,5.871442831215039,0.019051330889057867
spectral_contrast_6_std_segmean,5.8397550377008285,0.01935992295281349
onset_strength_max_segmean,5.765462223202343,0.020104570896237926
mfcc_32_max_segstd,5.756391222769783,0.020197567860343768
mfcc_30_max_segstd,5.6724729373554945,0.021080054696577664
mfcc_08_median_segstd,5.605556859558264,0.021813306889102498
mfcc_12_median_segstd,5.6025125009708,0.02184730920598135
mfcc_05_min_segmean,5.542055789266356,0.02253443767882886
mel_109_mean_segstd,5.449738621129041,0.023628734701721495
chroma_01_mean_segmean,5.407437360935077,0.024149068590720923
mfcc_21_min_segmean,5.367003852297486,0.024657928941816572
mel_106_mean_segmean,5.355547365704312,0.024804192713757632
mfcc_21_mean_segstd,5.287916661946735,0.02568681886789946
mfcc_33_max_segstd,5.286397941815606,0.025707022146660978
chroma_02_mean_segmean,5.197395778711007,0.026921332205664523
mfcc_05_max_segmean,5.184863851729374,0.027097203502266503
mel_001_mean_segmean,5.183887664990945,0.02711095490812657
chroma_02_median_segmean,5.165812971917239,0.027366930299871615
mel_109_mean_segmean,5.136465920545951,0.02778809550563218
mel_113_mean_segmean,5.105963799841503,0.0282332330469385
chroma_01_median_segmean,5.103969894699838,0.028262597228098686
mel_114_mean_segmean,5.081091261377756,0.028601891050363197
mfcc_15_min_segmean,5.067047727926392,0.028812327259914762
chroma_08_max_segstd,4.9763960726072805,0.0302114411613806
mel_115_mean_segmean,4.960530846002143,0.030463739232790814
chroma_04_std_segmean,4.946818338188193,0.030683632216083254
zcr_std_segstd,4.91059284964283,0.03127280970419633
mfcc_31_max_segstd,4.770792735266224,0.03366352350762964
mfcc_delta_21_std_segmean,4.767960875731805,0.03371394328312124
mel_112_mean_segmean,4.751713801389851,0.03400479380837299
mfcc_18_median_segmean,4.712402136083929,0.034719808416606344
mel_128_mean_segstd,4.680901471837681,0.03530447315084689
mfcc_34_median_segstd,4.680692710555659,0.035308383140067325
mel_111_mean_segmean,4.676076317077901,0.03539496544507294
spectral_contrast_5_std_segmean,4.668999209836377,0.03552814516413156
chroma_09_mean_segstd,4.639654246633406,0.03608617654081662
mel_104_mean_segmean,4.619299118089183,0.03647881689883024
mfcc_02_std_segmean,4.502072808131242,0.03883191102168118
mfcc_delta_31_mean_segmean,4.451096754746395,0.039905980234569816
spectral_contrast_4_std_segmean,4.449818528368239,0.03993332285768725
chroma_08_max_segmean,4.428503060298272,0.040392288404448536
mel_110_mean_segstd,4.426514018644352,0.0404354072829974
mfcc_delta_20_mean_segmean,4.397166881639804,0.041077434436508346
mel_116_mean_segstd,4.343849314922237,0.04227233294683018
mfcc_delta_14_std_segmean,4.331775922224849,0.04254811366901983
mfcc_29_max_segstd,4.31942674951182,0.04283221527059012
chroma_03_mean_segmean,4.303443444318965,0.043202984480355755
spectral_rolloff_mean_segstd,4.257153204405541,0.044296598923182134
chroma_03_median_segmean,4.234494566648932,0.0448428462312136
mfcc_11_min_segmean,4.221806722251403,0.045151915154393055
mel_002_mean_segmean,4.215656580753916,0.04530256189700973
mel_108_mean_segstd,4.140472648615792,0.047189040400128744
mfcc_21_median_segmean,4.128472588746706,0.04749797283195683
mel_116_mean_segmean,4.097641350068229,0.04830184391281052
mfcc_17_std_segmean,4.082756261516683,0.04869524078239198
mel_107_mean_segmean,4.059619774793898,0.049313661073710754
mel_117_mean_segstd,4.0033290766356755,0.0508543227475474
mel_108_mean_segmean,3.9078845543748706,0.05358802580517143
mfcc_18_mean_segmean,3.882059266611741,0.05435501871764969
mel_103_mean_segmean,3.813998624498626,0.0564344982088542
mfcc_31_median_segmean,3.748001110838622,0.058534377285289714
mfcc_04_max_segmean,3.731404201263132,0.059075823719939045
mfcc_07_max_segmean,3.7273171747998295,0.05920999716383493
mel_102_mean_segstd,3.724341360198835,0.05930790074009788
mfcc_delta_02_std_segmean,3.7062245955676585,0.05990778211876722
mfcc_delta_09_std_segmean,3.6776543679885014,0.0608673696381097
mel_121_mean_segstd,3.65528416391973,0.061630496015696375
mel_118_mean_segstd,3.6522712312325893,0.061734078064206124
spectral_centroid_std_segstd,3.6419779685317306,0.06208939667270555
mel_127_mean_segstd,3.605759211150346,0.06335762835913263
mfcc_21_mean_segmean,3.5647561688198164,0.06482786406054697
mfcc_11_median_segstd,3.56270982445293,0.0649022162379316
mel_009_mean_segmean,3.542491563119966,0.06564189506112356
mel_107_mean_segstd,3.489684974435665,0.06761796661843085
mel_103_mean_segstd,3.462612446405557,0.06865639403043698
mfcc_34_mean_segstd,3.358131508014811,0.07283223890635344
mfcc_delta_40_std_segstd,3.3509544764735493,0.07312922193276897
mfcc_delta_25_mean_segmean,3.3369511713217817,0.07371253736959694
chroma_12_median_segmean,3.311328471344574,0.07479323959335384
chroma_04_mean_segmean,3.304765512997895,0.07507286223212334
mel_106_mean_segstd,3.2881726938824776,0.07578499604622015
mfcc_delta_39_std_segstd,3.270701409434554,0.07654292943617305
spectral_bandwidth_std_segmean,3.264588346452777,0.07681010483041868
mfcc_delta_15_std_segstd,3.1799460556292893,0.0806177729808562
chroma_04_median_segmean,3.1692460214056917,0.08111386091078485
chroma_10_std_segstd,3.1655480063338617,0.08128610079592999
mel_120_mean_segstd,3.1598226704470718,0.08155356822498934
mfcc_28_max_segstd,3.1559574259637184,0.08173469189565773
chroma_01_mean_segstd,3.1301366462784475,0.08295617900038983
mfcc_15_min_segstd,3.124770736703812,0.08321256096029592
mfcc_02_max_segstd,3.1137698678677315,0.08374094147950212
chroma_11_std_segstd,3.0941704799016665,0.08469159573534174
chroma_04_max_segstd,3.0847890016039767,0.0851508859951937
mfcc_40_std_segstd,3.063034084181942,0.08622666167718636
mel_005_mean_segstd,3.0488487561160778,0.08693628000137234
mel_006_mean_segmean,3.0403892600889746,0.08736256343387162
spectral_flatness_mean_segstd,3.032501487419493,0.08776213871177739
mel_115_mean_segstd,2.9854681736095294,0.09018750226770293
chroma_12_mean_segmean,2.976352956699354,0.09066615655520278
mel_119_mean_segstd,2.9721009649931394,0.09089040598778315
mfcc_delta_38_std_segstd,2.9701498893910636,0.09099351292478357
mel_122_mean_segstd,2.9426874915388526,0.09245876225971347
mfcc_delta_03_std_segmean,2.916241776247268,0.09389476409582177
mel_114_mean_segstd,2.884288787014228,0.09566324545453077
mel_105_mean_segstd,2.855640675991954,0.09728061391759621
mfcc_delta_36_mean_segmean,2.8516265798001714,0.0975096764145835
mel_101_mean_segstd,2.846104483183963,0.0978257823068496
spectral_contrast_3_std_segmean,2.844351944611489,0.09792634469443258
mfcc_05_std_segstd,2.8411694710126554,0.0981092550865596
mel_117_mean_segmean,2.8394065759391234,0.09821074132515081
mel_006_mean_segstd,2.799862070802947,0.1005185272361717
mel_089_mean_segmean,2.7966798969187336,0.10070687071932594
mel_113_mean_segstd,2.795865046343938,0.10075516313375832
mfcc_11_mean_segstd,2.7931240427356094,0.10091780099966181
mfcc_01_min_segmean,2.791464867893597,0.10101639187216065
mel_112_mean_segstd,2.7878028292641104,0.10123437994109465
spectral_rolloff_std_segstd,2.7780990859240813,0.10181457328602835
tempo_bpm_segstd,2.7729294392084554,0.10212519738476783
chroma_03_std_segmean,2.7633259673342385,0.10270506913142638
mfcc_delta_06_std_segmean,2.7585296514903965,0.10299606545231477
mfcc_delta_08_std_segstd,2.7477567100830615,0.10365306055545483
spectral_bandwidth_std_segstd,2.72107092807667,0.10530095060743055
mfcc_31_mean_segmean,2.6803926212938998,0.10787008755071889
mfcc_39_std_segstd,2.680041530485396,0.10789256751673405
mfcc_09_median_segmean,2.6711640654932816,0.1084627451002298
chroma_11_median_segmean,2.6417329367560587,0.11037754557402248
mfcc_39_max_segstd,2.6370520283780787,0.11068559830952207
mel_102_mean_segmean,2.6307076077529126,0.11110468216022173
mfcc_14_std_segmean,2.6266755056196147,0.11137195825001056
mfcc_16_median_segmean,2.6265690897385694,0.11137902209744366
mfcc_delta_10_std_segstd,2.626142594447449,0.11140733779136253
mfcc_12_mean_segstd,2.623429332097704,0.11158766656457063
chroma_04_max_segmean,2.614420655253937,0.11218877642524373
mfcc_34_min_segstd,2.5867951143535826,0.11405511408524831
mfcc_01_mean_segstd,2.5734397475601187,0.11496998984932427
mel_123_mean_segstd,2.5634402334455006,0.11566043510628271
spectral_bandwidth_mean_segmean,2.539395228743783,0.11734005319932217
mfcc_07_median_segstd,2.519419290045079,0.11875653796788176
spectral_flatness_std_segstd,2.518146617465316,0.11884743956586853
spectral_rolloff_mean_segmean,2.5171149799544033,0.11892118315248512
mfcc_02_mean_segmean,2.4943241964588343,0.1205636758227583
mfcc_04_min_segmean,2.4729796337499463,0.12212541030092337
mel_124_mean_segstd,2.4704299886377883,0.12231349929920518
mfcc_38_max_segstd,2.4604950978439284,0.12304956121774256
mfcc_28_median_segmean,2.457239371254522,0.1232918716867751
mfcc_06_max_segstd,2.4386223678556846,0.12468796503355592
mfcc_delta_32_mean_segmean,2.436674007175423,0.12483511358510067
mfcc_14_max_segmean,2.3922123122837426,0.12824760905600743
mel_126_mean_segstd,2.3705043707116027,0.129952426196209
mfcc_delta_05_std_segstd,2.3596682771959205,0.13081313814799
mfcc_34_max_segstd,2.3534311025780856,0.1313115207668652
chroma_08_mean_segstd,2.347032469548092,0.13182506944321884
mfcc_32_min_segstd,2.3232117458932593,0.13375727098392257
mfcc_13_mean_segmean,2.3145832745433177,0.13446517414419426
mfcc_delta_07_mean_segstd,2.2976700989553183,0.13586531011799302
chroma_01_median_segstd,2.2693150245780496,0.13825046489451082
mel_027_mean_segmean,2.2633068464487947,0.13876202913757357
mfcc_10_median_segstd,2.2450231145251247,0.14033227003641713
tempo_bpm_segmean,2.2420241638189786,0.14059177770671594
rms_mean_segmean,2.2242098712241947,0.14214476777932966
mel_087_mean_segmean,2.2209171022315206,0.14243398516047642
mfcc_36_max_segstd,2.2208944356480824,0.14243597841444067
mel_100_mean_segstd,2.2050981759832955,0.14383294447941872
mfcc_delta_16_std_segstd,2.1993468568633228,0.14434550098897592
mel_111_mean_segstd,2.1922277921330844,0.14498288061777914
chroma_11_mean_segmean,2.1892503135226606,0.14525042410394942
mel_075_mean_segmean,2.1773755306626033,0.14632314349469044
mfcc_24_median_segstd,2.170507309398268,0.14694777914602417
mfcc_40_max_segmean,2.16374378898695,0.14756591509723674
mfcc_04_median_segstd,2.1590452471981254,0.1479971021745211
mfcc_03_std_segmean,2.137125584844035,0.15002809831945352
mfcc_38_std_segstd,2.132402360833027,0.15046996242173427
mfcc_08_mean_segstd,2.091769054244685,0.15433442414016962
chroma_09_median_segstd,2.0828631608553096,0.15519679222272736
mel_065_mean_segmean,2.0590954465043767,0.1575258948703193
mel_125_mean_segstd,2.030988162006959,0.1603331214987608
mel_090_mean_segmean,2.0297882736965667,0.16045425658549947
chroma_12_median_segstd,2.003805105720871,0.1631038623784222
mfcc_37_max_segstd,1.997793110958026,0.16372421082267657
mel_104_mean_segstd,1.997360279153736,0.16376897927992284
mel_066_mean_segmean,1.9753267105828893,0.16606703795582684
mfcc_09_std_segmean,1.9718575323442837,0.16643230643658677
chroma_07_max_segmean,1.9510311190092455,0.16864506909512775
mfcc_15_median_segstd,1.9432099795866253,0.16948497475153973
spectral_flatness_mean_segmean,1.9389115863288628,0.16994867238803374
mfcc_19_median_segstd,1.8952697726719223,0.17474231832118825
chroma_01_max_segmean,1.8843975817826843,0.17596125897642018
mfcc_40_mean_segmean,1.8837409488664298,0.17603519912093765
mfcc_19_max_segmean,1.882646431471796,0.1761585289562184
mfcc_09_min_segmean,1.879465901384195,0.17651749055245744
mel_088_mean_segmean,1.861096516089668,0.17860772548564227
mfcc_15_mean_segstd,1.8601453873257665,0.17871674959680456
chroma_12_min_segstd,1.8582467261835685,0.17893462157531936
mfcc_delta_35_mean_segmean,1.853983493560793,0.17942497728355636
mfcc_delta_37_std_segstd,1.8497716604708607,0.1799109866983891
mfcc_40_std_segmean,1.843303324839097,0.18066042185636746
mfcc_12_min_segmean,1.8366459757667009,0.1814356293271329
mfcc_22_median_segstd,1.806867492132796,0.18495191285842266
mfcc_10_max_segmean,1.8049414734260254,0.18518211845092844
mel_086_mean_segmean,1.8044364989899173,0.18524253150032702
mfcc_17_min_segmean,1.7846444939886297,0.1876289729588031
mfcc_03_median_segstd,1.7701674831263492,0.18939779838421708
mfcc_delta_22_mean_segmean,1.7598068942490388,0.1906759082383012
mfcc_05_median_segmean,1.7367903819801742,0.19355239973626637
chroma_10_median_segmean,1.7183729085166586,0.1958916355054816
mfcc_10_std_segstd,1.7176317954698328,0.19598647342720688
mfcc_delta_36_std_segstd,1.713180638070178,0.19655723551351362
mel_118_mean_segmean,1.7008475549415303,0.19814914340789178
mfcc_20_max_segstd,1.6973217580786821,0.1986070859949139
mel_085_mean_segmean,1.6972350031321894,0.19861837006336874
spectral_contrast_4_std_segstd,1.6915184014742413,0.1993636218696469
mfcc_35_max_segstd,1.6407536153870783,0.20613172302122323
mel_100_mean_segmean,1.6381380809727677,0.20648789171014814
mel_070_mean_segmean,1.6214011365354237,0.20878476161752005
mfcc_11_median_segmean,1.6109700340425426,0.2102319313795823
mfcc_delta_17_std_segstd,1.5919934172327792,0.21289603930802165
mfcc_13_median_segmean,1.5900683214813005,0.21316858836896208
mel_076_mean_segmean,1.5654861384488803,0.21668649323323733
mel_074_mean_segmean,1.551423383081882,0.21873083289667708
mel_075_mean_segstd,1.5502119527347236,0.2189080416690956
chroma_10_max_segmean,1.5439196206747583,0.21983131656637053
chroma_10_max_segstd,1.5439196206747552,0.21983131656637098
mfcc_11_mean_segmean,1.5428123878635447,0.2199942733901405
mfcc_09_mean_segmean,1.5413300896165323,0.22021266183489208
mfcc_delta_29_mean_segstd,1.5411025859012772,0.2202462036549138
chroma_06_std_segstd,1.5265555786882454,0.22240397749923374
mel_073_mean_segmean,1.524868598810391,0.22265588171793996
mel_080_mean_segstd,1.520083518615705,0.22337230830076077
mfcc_27_median_segmean,1.51961346223477,0.22344283798483403
chroma_12_mean_segstd,1.5149753112723339,0.22414023722813853
mel_052_mean_segstd,1.5148665685886409,0.22415661996483638
rms_max_segmean,1.5056833413140334,0.22554544944156701
mfcc_delta_10_mean_segstd,1.4981500006288315,0.2266926596098057
mfcc_08_max_segstd,1.4976057349724539,0.22677582039717623
mel_079_mean_segstd,1.4905724196652335,0.22785385655547008
mfcc_delta_39_mean_segmean,1.4818339701304324,0.22920205346140907
mfcc_16_mean_segmean,1.4797672669403068,0.22952234744596026
mfcc_delta_40_std_segmean,1.4710036895803988,0.23088665985204213
mel_099_mean_segstd,1.4700844078683866,0.23103035268755603
mfcc_delta_13_std_segstd,1.4698191769439963,0.2310718314265569
mel_079_mean_segmean,1.461643746361411,0.23235488740204918
mfcc_35_median_segstd,1.4614464990894265,0.23238595207516619
mfcc_33_median_segstd,1.4491755163489455,0.23432866031961738
spectral_contrast_5_mean_segstd,1.4482498997387763,0.23447601495138493
mfcc_03_std_segstd,1.447167744156528,0.23464843548228984
mel_101_mean_segmean,1.445029036671051,0.23498965909317657
mfcc_19_min_segstd,1.4394830603761186,0.23587736893680353
mfcc_07_mean_segstd,1.427130069327536,0.23786962768930292
mel_009_mean_segstd,1.4260951647274298,0.2380374807324462
mel_072_mean_segmean,1.4170846340708327,0.23950515008359394
mel_077_mean_segstd,1.414333566528479,0.23995549427466556
chroma_08_min_segstd,1.4073234946899713,0.24110779994771045
mfcc_delta_26_mean_segmean,1.3910150375824735,0.2438153458749913
mel_067_mean_segmean,1.3867930757283722,0.24452245066681996
mel_080_mean_segmean,1.3772368217773032,0.246132439937073
mfcc_18_min_segmean,1.3728574838516623,0.2468746757567568
chroma_07_max_segstd,1.3722963221967532,0.24696998698132872
spectral_bandwidth_mean_segstd,1.3603390789726275,0.2490118737325766
mfcc_38_median_segstd,1.3479088357869975,0.2511570172810691
chroma_06_median_segstd,1.339693328690863,0.25258754923698384
mfcc_30_median_segmean,1.3381015620504688,0.252865900330637
mel_069_mean_segmean,1.3343516264784567,0.25352317563299814
mel_028_mean_segmean,1.3308540959780972,0.254138149167666
mfcc_16_std_segstd,1.3259784782441295,0.25499857077780586
mfcc_20_median_segstd,1.308525837344789,0.25810878199601983
mfcc_22_mean_segstd,1.306047844407782,0.2585542564712115
mfcc_delta_20_std_segmean,1.3018163219027596,0.25931721642276395
chroma_01_std_segstd,1.298488153505227,0.2599192997199317
mfcc_31_min_segstd,1.2845760757256062,0.2624553182871685
spectral_contrast_1_std_segmean,1.2831087280296294,0.26272462480676884
mel_068_mean_segmean,1.2771954991009706,0.2638134575666231
mel_032_mean_segmean,1.2746904377786592,0.2642764548908216
mfcc_14_std_segstd,1.273098185524479,0.26457127922357787
chroma_12_max_segstd,1.2674825174825173,0.2656144300351873
chroma_12_max_segmean,1.2674825174825168,0.2656144300351874
mfcc_delta_11_std_segstd,1.256295012204495,0.26770823732577465
mel_078_mean_segstd,1.2522568376427679,0.2684691680363801
mfcc_01_min_segstd,1.2409649577746822,0.27061164399325216
mfcc_10_min_segstd,1.2390901502770566,0.27096947370030416
spectral_centroid_mean_segmean,1.2359914561678118,0.2715622241926165
mel_091_mean_segmean,1.2208082078559968,0.2744907452409466
mfcc_delta_26_mean_segstd,1.219351438896707,0.27477384796656196
mfcc_delta_07_mean_segmean,1.2043327039654912,0.27771450153659344
mel_077_mean_segmean,1.2034998614425627,0.27787875235796494
mel_074_mean_segstd,1.2016075328443148,0.27825241689819236
mfcc_29_median_segstd,1.200707133568998,0.2784304393271683
chroma_08_median_segstd,1.2005091485021193,0.2784696036027459
mfcc_38_mean_segstd,1.1991833877952054,0.27873204085047654
mel_076_mean_segstd,1.1969326157894944,0.2791783158893997
mel_099_mean_segmean,1.196250176976972,0.27931380922569443
mel_073_mean_segstd,1.1960935033622355,0.2793449276056218
chroma_09_min_segstd,1.1872446754238817,0.28110975232205226
mfcc_delta_23_mean_segmean,1.1804817242001313,0.2824682761723376
mfcc_28_min_segstd,1.1759579594939458,0.2833817353988432
chroma_01_max_segstd,1.1746323730085473,0.2836501272934977
mfcc_36_median_segmean,1.173415272495327,0.2838968436340306
mel_081_mean_segmean,1.1714464435710947,0.28429652976161507
mel_051_mean_segstd,1.1640425596566577,0.28580610855069977
mfcc_delta_04_std_segstd,1.1564585510206908,0.2873632037674282
mel_119_mean_segmean,1.1518309134538183,0.288318729580393
mfcc_36_min_segmean,1.1464493058370426,0.28943513632927664
mel_007_mean_segstd,1.145276576697291,0.2896791629703818
mfcc_32_mean_segmean,1.1326273040527886,0.2923283883139515
mfcc_05_min_segstd,1.1233605012743697,0.2942892826971162
mfcc_delta_06_mean_segmean,1.122176528187576,0.2945410528827451
chroma_02_min_segmean,1.105084430730838,0.29820727690790994
mel_087_mean_segstd,1.1022906424580603,0.2988122169899871
spectral_contrast_4_mean_segmean,1.0961083523322013,0.3001566105614194
spectral_contrast_4_mean_segstd,1.0937679423305444,0.30066762744695463
mfcc_12_max_segmean,1.0901999018338266,0.3014488958439001
mfcc_delta_05_mean_segmean,1.0739504049488244,0.3050409592941652
mel_081_mean_segstd,1.0708066835291012,0.30574241288258186
mfcc_22_max_segstd,1.0651984529139056,0.30699907385412406
mfcc_delta_33_std_segmean,1.0578923702453347,0.3086464570822236
mfcc_39_max_segmean,1.0402843883583865,0.31266521247277673
mel_041_mean_segmean,1.0246698065354074,0.3162874824742277
mfcc_28_min_segmean,1.0235981243639265,0.3165381410831276
mel_016_mean_segmean,1.0198314930553107,0.3174212386649809
mfcc_36_std_segstd,1.018751588879708,0.3176750330952191
chroma_10_mean_segmean,1.0109690340884743,0.3195121154579201
mfcc_15_max_segmean,1.01013388145846,0.31971009942889245
chroma_06_max_segstd,1.0060813464252107,0.3206731469694428
mfcc_06_max_segmean,1.0029505426224778,0.32141982174180894
mel_071_mean_segmean,0.996303893319214,0.323012764768429
mfcc_30_mean_segmean,0.9870188394810312,0.325255873514435
mfcc_delta_18_std_segmean,0.9817683167632327,0.32653361411103266
chroma_05_median_segmean,0.9770855536281796,0.3276789145543956
chroma_12_min_segmean,0.9731911847058592,0.328635532901251
mfcc_32_std_segmean,0.9728634769749105,0.3287162038414697
spectral_flatness_std_segmean,0.9720833836219431,0.32890834526896073
chroma_07_median_segstd,0.9673182916673643,0.330085324338983
mfcc_delta_32_std_segmean,0.9651715954087329,0.3306174248995224
mel_078_mean_segmean,0.95790614818381,0.33242697114583075
chroma_02_std_segmean,0.9535769564731201,0.33351161275028046
mel_050_mean_segstd,0.9524909080565299,0.3337844682100326
mfcc_06_std_segmean,0.9513778841497009,0.334064416366647
mfcc_28_mean_segmean,0.9436205969610191,0.336024446862069
mfcc_delta_12_mean_segmean,0.9318856618804827,0.33901946795125043
mel_060_mean_segmean,0.931497219970923,0.3391192304567582
mfcc_35_min_segmean,0.9304607224085376,0.3393856282462937
mfcc_02_std_segstd,0.9304587688967724,0.33938613060319583
mfcc_11_max_segmean,0.9290333773208689,0.33975295008609585
mfcc_40_min_segstd,0.9285868114637486,0.3398679840028176
mfcc_35_std_segmean,0.925268433204208,0.3407244625954692
chroma_12_std_segstd,0.9188093254361678,0.3424000826103241
mfcc_delta_35_std_segmean,0.917382800684528,0.3427716770270369
mel_084_mean_segmean,0.9078464986632298,0.34527009568369554
mfcc_34_std_segmean,0.9018943527564358,0.3468422394331262
mfcc_18_max_segstd,0.8976717360993758,0.34796356292242964
chroma_10_median_segstd,0.8968769514746605,0.34817517979829793
mfcc_29_min_segmean,0.8906008362176558,0.34985251388288036
chroma_01_min_segmean,0.8884882283638391,0.35041964131534115
mfcc_delta_03_std_segstd,0.8867397061970049,0.3508899952494932
mel_058_mean_segmean,0.8855819182560044,0.35120192345632645
mel_095_mean_segstd,0.8721432970204528,0.3548508944265108
mfcc_02_median_segstd,0.8581954924904247,0.35869427143141586
mel_058_mean_segstd,0.8555726340305896,0.3594235094958917
spectral_contrast_1_std_segstd,0.8552447832065171,0.35951480849155704
mel_015_mean_segmean,0.8549958960138343,0.359584139621805
mfcc_20_median_segmean,0.8525201649759653,0.3602748123127439
chroma_11_min_segstd,0.8506769910490801,0.36079022518852755
mfcc_13_median_segstd,0.8487069715770902,0.3613422535782245
mfcc_24_min_segmean,0.8468679312360816,0.3618586511544221
mfcc_17_std_segstd,0.8445038056039119,0.36252401661248307
duration_s_segstd,0.8438887834468869,0.3626973920385376
mfcc_13_std_segstd,0.8426971123338901,0.36303365766522266
mfcc_15_mean_segmean,0.8327160967441005,0.3658674260801325
mfcc_37_std_segstd,0.832556954825318,0.36591286139047696
mel_018_mean_segstd,0.8279356678930774,0.36723573270353865
mfcc_27_min_segmean,0.8206313791817088,0.36934047106820805
mfcc_delta_16_std_segmean,0.8193464973979975,0.3697124785251981
mfcc_33_std_segmean,0.8168203131150658,0.3704454281609548
mfcc_delta_31_std_segmean,0.8152526079602115,0.37090132171106194
mel_120_mean_segmean,0.8099159246484108,0.37245923898905947
mfcc_delta_30_std_segstd,0.807713108348893,0.3731050147790769
spectral_contrast_3_std_segstd,0.807590925140917,0.373140880580376
rms_std_segmean,0.8048206902512659,0.3739553791110223
chroma_02_mean_segstd,0.8047397895247992,0.37397920345228786
mfcc_40_max_segstd,0.8038156388610689,0.37425150898641196
chroma_02_std_segstd,0.8033617739932936,0.37438534609001306
mel_064_mean_segmean,0.7997633290654821,0.37544888940859594
mfcc_03_max_segstd,0.7951651354479164,0.376814209376867
mfcc_16_mean_segstd,0.79114930733429,0.3780124308820495
mel_029_mean_segmean,0.7909760783958099,0.37806424077591333
chroma_08_mean_segmean,0.7898194733637682,0.3784104231582455
mfcc_22_max_segmean,0.7744601974875923,0.3830510971028338
mfcc_40_mean_segstd,0.7722426497979584,0.38372787298415517
mel_057_mean_segstd,0.7717589762946102,0.38387571510294183
mfcc_delta_06_std_segstd,0.7663771611676788,0.38552631569336815
mfcc_delta_02_mean_segstd,0.758046678177469,0.38810160026309276
mfcc_delta_09_mean_segstd,0.7543613027492888,0.38924886522802044
mel_057_mean_segmean,0.753194553344037,0.38961310403846044
mfcc_delta_34_std_segmean,0.7478384755527846,0.39129155970128365
mfcc_30_std_segstd,0.7442353896484705,0.39242660839216126
spectral_contrast_7_mean_segmean,0.7430583068401353,0.39279845584958806
mfcc_delta_22_std_segmean,0.7425140509424146,0.3929705635094907
chroma_01_min_segstd,0.7230444709021027,0.3992007241106587
mfcc_40_median_segmean,0.7224802271632675,0.3993834369114744
mel_037_mean_segmean,0.7220662452434954,0.39951757045067754
chroma_06_max_segmean,0.7198738886703746,0.4002290199513969
mel_097_mean_segstd,0.7186096304179266,0.4006401385117911
mfcc_27_max_segstd,0.7164458482356503,0.40134521677069485
mfcc_delta_24_mean_segmean,0.7137004919025017,0.40224244457184577
mel_061_mean_segmean,0.7111024475332747,0.40309426253938985
mfcc_31_std_segmean,0.7095007541506939,0.40362073906554985
chroma_10_mean_segstd,0.7080983381857273,0.404082549953813
mel_072_mean_segstd,0.7028936870526172,0.40580329292496425
mfcc_delta_13_mean_segmean,0.7024177473100655,0.4059611890588437
mel_011_mean_segstd,0.6975772130911371,0.40757227073225505
mfcc_16_median_segstd,0.692050954846877,0.40942325184612177
mel_017_mean_segstd,0.6911082041923273,0.4097402714595002
mel_026_mean_segmean,0.688866211542035,0.41049566299796486
rms_std_segstd,0.6872541135228051,0.4110401124885498
mfcc_20_mean_segmean,0.6851942153274321,0.41173737020961787
mfcc_10_mean_segstd,0.6846843341120584,0.41191023403145155
mel_093_mean_segstd,0.6834739432509288,0.4123210256662069
mfcc_32_median_segmean,0.6817668249447161,0.41290144508479476
mfcc_20_std_segmean,0.6802531646562044,0.41341711461773084
mel_016_mean_segstd,0.6797067016193542,0.4136035196070534
chroma_03_std_segstd,0.6793607166694386,0.41372160440602873
mfcc_delta_34_mean_segmean,0.6746176608581791,0.41534553241163547
mfcc_19_std_segstd,0.6738804579741505,0.4155987967398892
mfcc_29_min_segstd,0.6736902749356278,0.4156641714056034
mel_019_mean_segstd,0.6725598112035742,0.4160530836508343
mfcc_19_mean_segstd,0.671103319555419,0.4165549676913545
mfcc_delta_38_mean_segmean,0.6682386768918641,0.4175447457125066
mel_036_mean_segmean,0.6637293769798476,0.4191099887210782
mfcc_03_max_segmean,0.6598336139354345,0.4204694228182821
mel_094_mean_segstd,0.658700666978814,0.4208660210315387
mel_086_mean_segstd,0.6509588548320616,0.42359137776042044
mfcc_12_median_segmean,0.6508416865102459,0.4236328305751407
mel_059_mean_segmean,0.6490176231502238,0.4242789609750871
mfcc_06_min_segstd,0.6347846320576688,0.42937275577870104
mfcc_02_min_segstd,0.633052986384937,0.42999887484328314
mel_059_mean_segstd,0.6245106421555466,0.43310822158134016
chroma_03_max_segmean,0.6202145677844434,0.4346850826699306
rms_mean_segstd,0.6190733704156517,0.43510544797956363
mfcc_delta_02_std_segstd,0.6162047430373884,0.4361649041815712
mfcc_delta_29_std_segmean,0.6133707040508959,0.4372155185046744
mel_098_mean_segstd,0.6071600146236807,0.4395316958023956
mfcc_delta_33_std_segstd,0.6053829145061423,0.4401979526237975
mel_092_mean_segstd,0.6039053583959941,0.44075310661468176
spectral_contrast_7_mean_segstd,0.6036899927904198,0.4408341159665436
mfcc_06_median_segstd,0.5942090191400432,0.444423571846502
mel_092_mean_segmean,0.5885458367116684,0.4465895450098669
mel_083_mean_segmean,0.5876689059277848,0.4469264255242533
mfcc_20_max_segmean,0.5834734314597657,0.4485437097976426
mel_091_mean_segstd,0.5746478173434015,0.4519761830319108
mel_056_mean_segstd,0.5743622610154611,0.45208793672200975
mel_003_mean_segmean,0.5727883619809464,0.45270467710445966
mfcc_delta_30_std_segmean,0.5714153384339874,0.45324379615085136
mfcc_32_median_segstd,0.5680104124339608,0.4545851606129803
mfcc_38_max_segmean,0.5667652215175146,0.45507728131602543
mel_003_mean_segstd,0.5631787517099378,0.45649947657622586
mfcc_07_mean_segmean,0.5623049877352233,0.4568470389050734
mfcc_27_min_segstd,0.5616794974204169,0.4570961039450192
mel_025_mean_segstd,0.560616304289878,0.4575199574876364
mel_089_mean_segstd,0.5598936523084825,0.45780840991893657
mfcc_delta_18_mean_segmean,0.5590958208746023,0.45812720934996515
mfcc_04_std_segstd,0.5567456111493742,0.45906838323148935
chroma_04_mean_segstd,0.5464095137531135,0.4632447535987902
mel_060_mean_segstd,0.5452738680768067,0.46370735282081865
mfcc_30_min_segstd,0.5447129553329136,0.46393611323386563
mfcc_27_mean_segmean,0.544025934601549,0.46421655383337385
mfcc_18_std_segmean,0.5424304045527933,0.4648689057805731
mfcc_39_median_segstd,0.5409209785769189,0.4654874210330468
mel_088_mean_segstd,0.5393246810154613,0.4661429865965669
mel_082_mean_segstd,0.5363107435354099,0.46738484135036423
chroma_03_mean_segstd,0.5315089029206297,0.4693745306298222
mfcc_18_max_segmean,0.5298989613014498,0.4700447185919452
chroma_05_mean_segstd,0.5297364582132468,0.47011245233574983
mfcc_delta_12_std_segstd,0.5287437948266224,0.47052655590604564
mel_062_mean_segmean,0.5286887827331371,0.47054952241165754
chroma_11_median_segstd,0.5270137418929747,0.4712496988669688
mel_082_mean_segmean,0.5247798016464441,0.4721861556243706
chroma_05_std_segstd,0.5247057319733588,0.4722172574737232
mel_085_mean_segstd,0.5234571150872929,0.47274205757346205
chroma_05_mean_segmean,0.5224802981021993,0.4731532861613656
mfcc_36_mean_segmean,0.512979051101763,0.4771840930893929
mfcc_23_median_segstd,0.5016030205889664,0.4820854558727977
mel_126_mean_segmean,0.4994421634530635,0.4830259231235793
mfcc_12_mean_segmean,0.49535887406472545,0.48481147356870447
mel_005_mean_segmean,0.4907975780470776,0.4868191500367699
mel_049_mean_segstd,0.4889027171260325,0.4876572884963179
mfcc_delta_35_std_segstd,0.48791325432668725,0.4880959143901472
chroma_03_min_segmean,0.4876743466428746,0.48820192096441867
mfcc_delta_39_std_segmean,0.4876117729108935,0.4882296921816091
mfcc_20_min_segmean,0.4875792563662553,0.48824412459128536
mel_019_mean_segmean,0.48350974801892765,0.4900560611119967
mel_056_mean_segmean,0.4829294535027836,0.49031535986958225
mel_093_mean_segmean,0.4748789618324008,0.4939367422451289
mfcc_delta_04_mean_segstd,0.4738057112256859,0.49442295582698287
mfcc_40_min_segmean,0.4733993419476971,0.4946072654405384
chroma_04_std_segstd,0.47134229537676336,0.4955420409391318
mel_053_mean_segstd,0.4678474947537078,0.4971370943809544
mel_127_mean_segmean,0.46625973491431105,0.49786466101987575
mfcc_09_std_segstd,0.46522916166117456,0.49833788148553726
mfcc_25_mean_segstd,0.46366644330831314,0.49905692540831265
mfcc_23_mean_segstd,0.45985598038573805,0.5008176962582696
mfcc_07_median_segmean,0.45889146562165195,0.5012650822789343
mfcc_29_std_segmean,0.4508464668323854,0.5050237499502124
mel_024_mean_segstd,0.4439836812754634,0.5082688713429359
mel_128_mean_segmean,0.4430154193751248,0.5087296447159319
mel_054_mean_segstd,0.4424926213427662,0.5089787353653041
mfcc_22_std_segmean,0.4415608458475653,0.5094232146084499
mfcc_31_max_segmean,0.43332480748703606,0.513381755097971
mel_096_mean_segstd,0.43231138282382964,0.5138725784141144
mfcc_37_min_segstd,0.4276064877181338,0.5161621426741947
chroma_02_max_segmean,0.4204402591929801,0.5196843807052375
chroma_11_max_segstd,0.41893585609744816,0.520429234541085
chroma_11_max_segmean,0.418935856097371,0.5204292345411231
mfcc_delta_27_std_segmean,0.4180212498541188,0.5208830018705655
spectral_contrast_2_std_segmean,0.4175975614048795,0.5210934475893969
chroma_05_median_segstd,0.41562918195135734,0.5220731358484523
mel_010_mean_segmean,0.4146212537537533,0.5225760713728925
mfcc_33_mean_segmean,0.4121246247213254,0.5238255842900876
mel_055_mean_segstd,0.4112942302492345,0.5242423688730115
mfcc_25_median_segstd,0.4104607412226053,0.5246613062226102
mfcc_delta_06_mean_segstd,0.40838398876439996,0.5257077704403748
chroma_05_max_segmean,0.40529194940800245,0.5272728199028653
chroma_08_std_segstd,0.40386800749121293,0.5279963875676367
mfcc_delta_28_mean_segmean,0.40291542981135064,0.5284814380456371
mfcc_29_mean_segstd,0.4011099015342385,0.5294030279754517
mfcc_10_max_segstd,0.39981021775269615,0.5300682281663147
mfcc_delta_38_mean_segstd,0.3992821089602267,0.5303389572039924
mfcc_21_min_segstd,0.3966895010038557,0.5316716853913148
mfcc_24_min_segstd,0.39593541524504716,0.532060468522223
chroma_04_min_segstd,0.3922159810802625,0.5339857119640039
mfcc_21_std_segstd,0.38903498340495885,0.5356423952767387
mfcc_37_median_segstd,0.385060511781897,0.5377256413548761
chroma_02_median_segstd,0.3845573242485064,0.537990455380487
mel_070_mean_segstd,0.3843378530892813,0.5381060325240692
chroma_05_std_segmean,0.3817956253019484,0.5394481625785313
mfcc_delta_34_mean_segstd,0.3772982065871872,0.5418377524331575
mfcc_delta_23_std_segmean,0.3755536341572057,0.5427699886975831
mfcc_30_std_segmean,0.3706808140511832,0.5453897667649158
mel_054_mean_segmean,0.3638147734532387,0.5491216422396826
mfcc_16_min_segmean,0.36004601741633796,0.5511905963074506
mfcc_delta_25_std_segmean,0.3578519124033213,0.5524019216254271
mfcc_35_median_segmean,0.3532677002669608,0.5549491958391506
chroma_08_min_segmean,0.3526470231037914,0.5552958061540643
mel_012_mean_segstd,0.35185723818638315,0.5557374518491923
mel_121_mean_segmean,0.3515793919845651,0.5558929826056523
mfcc_24_mean_segstd,0.3502828573914499,0.5566198510939082
mfcc_01_std_segstd,0.34772015910734794,0.5580619386260093
mel_084_mean_segstd,0.3448272314199855,0.5596985136098936
chroma_07_mean_segmean,0.34324361265543585,0.5605983191326055
mel_048_mean_segstd,0.34287846192521,0.5608061930821271
mfcc_25_min_segmean,0.3415959154361996,0.5615375082212876
mfcc_36_min_segstd,0.340146074993752,0.5623664439297904
mfcc_delta_21_mean_segmean,0.34008880285869114,0.5623992376019643
mel_029_mean_segstd,0.3389411080510334,0.5630571844782374
mfcc_16_std_segmean,0.33655947015972687,0.5644273108320415
mfcc_12_max_segstd,0.3358208380816685,0.5648535573960635
mfcc_03_min_segmean,0.33330691199880824,0.566309006069161
mfcc_delta_11_mean_segstd,0.3315600981392903,0.5673246614678995
mfcc_17_max_segstd,0.33147354658907446,0.5673750782864194
mel_026_mean_segstd,0.33097923950069646,0.5676631838749989
spectral_contrast_7_std_segstd,0.33065098231668383,0.5678546664929869
mel_071_mean_segstd,0.3294192487887111,0.5685743081965042
spectral_contrast_5_std_segstd,0.3281895312661928,0.5692945643929769
mel_040_mean_segmean,0.32679027985365006,0.5701163084281866
chroma_12_std_segmean,0.32578145146049975,0.5707102212944022
mfcc_26_median_segstd,0.3244402833303426,0.5715016845228987
mel_039_mean_segmean,0.320186824931567,0.5740262371762428
mfcc_delta_32_std_segstd,0.3197971544586005,0.5742586271863795
mfcc_39_std_segmean,0.3163757269117698,0.5763071726301543
mfcc_delta_33_mean_segstd,0.31530963716788346,0.5769484726565054
mfcc_24_median_segmean,0.3144106917338785,0.5774903407417084
mel_063_mean_segmean,0.3123446805433239,0.5787395771628248
mfcc_delta_28_std_segmean,0.31133813002506794,0.5793501708187083
mfcc_25_std_segmean,0.307030054443024,0.5819782980072097
mel_020_mean_segstd,0.3019876527142367,0.5850852865723494
mfcc_23_std_segmean,0.3016369352446877,0.5853026468520203
mel_098_mean_segmean,0.29617492980467214,0.5887092501697324
chroma_03_min_segstd,0.2952022380095451,0.5893201889112415
mfcc_06_std_segstd,0.2923418270945752,0.5911243956699991
mfcc_delta_34_std_segstd,0.2885725112395224,0.5935194521008947
mel_125_mean_segmean,0.2882115335627073,0.5937498799647555
mfcc_17_max_segmean,0.28766217921407566,0.5941009150119057
chroma_09_mean_segmean,0.28226685165812304,0.5975717138433115
mfcc_22_std_segstd,0.28188142225997187,0.5978212887338527
chroma_03_max_segstd,0.28029628568896925,0.5988500155553321
mel_041_mean_segstd,0.27699631082577064,0.6010036845829672
chroma_09_min_segmean,0.27676015203479315,0.6011584385616409
mfcc_delta_39_mean_segstd,0.2766788276735835,0.6012117496875548
mfcc_delta_18_mean_segstd,0.27493033388209837,0.602360386195919
mfcc_27_std_segmean,0.27199619278170517,0.6042984485008415
mfcc_delta_30_mean_segmean,0.26764713072516916,0.6071957788975674
mfcc_30_mean_segstd,0.2663826956258472,0.6080437558764927
mel_015_mean_segstd,0.2662789597112086,0.6081134384287523
mel_090_mean_segstd,0.2645545590565891,0.6092743034085
mel_017_mean_segmean,0.26335110746353213,0.610087312404941
mfcc_32_mean_segstd,0.2631545959323512,0.6102202920845277
mfcc_delta_31_std_segstd,0.2614894605160507,0.6113496242572919
mfcc_29_std_segstd,0.2605415503875096,0.61199455186244
rms_max_segstd,0.2601907751639272,0.6122335841055102
mfcc_04_min_segstd,0.2593937876687086,0.6127774412129986
spectral_contrast_2_mean_segmean,0.257838123281084,0.613842060455815
mfcc_23_max_segmean,0.2575427365323962,0.6140446659870127
mfcc_26_median_segmean,0.25706291168475226,0.6143740900640184
spectral_contrast_1_mean_segstd,0.2534497580429516,0.6168672331635617
mfcc_07_min_segstd,0.2516168591339879,0.618140518969218
mfcc_04_median_segmean,0.24936225881083954,0.6197147640037447
mfcc_01_max_segstd,0.24832909740000456,0.6204391365282987
mfcc_delta_08_mean_segmean,0.24831089090173677,0.620451918416147
mfcc_25_max_segmean,0.2455018527503641,0.6224310722900896
mfcc_09_min_segstd,0.24444757395314282,0.6231775328643435
mfcc_delta_30_mean_segstd,0.2431772810490953,0.6240796113089496
spectral_rolloff_std_segmean,0.24304036735009504,0.6241770136845454
mel_064_mean_segstd,0.24137700919683303,0.6253630912212693
mel_018_mean_segmean,0.2410367847406964,0.6256063188630252
mfcc_30_max_segmean,0.24097031599570856,0.6256538625450185
mfcc_delta_09_std_segstd,0.2407182935742158,0.6258342030003536
mfcc_delta_24_mean_segstd,0.23998008937056342,0.6263631189030855
mfcc_delta_27_mean_segmean,0.23707592659942425,0.6284537932235199
mfcc_14_min_segstd,0.23637965327341506,0.6289573922284865
mfcc_38_median_segmean,0.23592633555178338,0.6292857613635863
chroma_07_std_segstd,0.23416785561151546,0.6305632615362173
mel_124_mean_segmean,0.23375664707241234,0.6308628523804667
mfcc_39_min_segmean,0.23366758759911024,0.6309277806626455
chroma_01_std_segmean,0.23122533406969079,0.6327142866355011
chroma_08_median_segmean,0.23070880723211415,0.6330936169314568
mfcc_23_min_segmean,0.22883391641979273,0.6344749305955419
mfcc_32_std_segstd,0.22615272762366775,0.6364624471821381
mel_037_mean_segstd,0.22578588353861628,0.6367355073481844
mfcc_33_std_segstd,0.225724116600149,0.6367815103481145
mfcc_delta_07_std_segstd,0.22516471262416482,0.6371984979619907
mel_040_mean_segstd,0.22488609880571284,0.6374064180922612
mfcc_22_min_segmean,0.22440994171415013,0.6377621246582079
mfcc_15_median_segmean,0.22277958915610765,0.6389835773557594
mfcc_19_max_segstd,0.22002597042880648,0.6410590794276978
mfcc_26_max_segstd,0.21891091132272253,0.6419040610490129
mfcc_17_mean_segmean,0.2185170185511391,0.6422031781138133
mfcc_24_mean_segmean,0.21812819188807647,0.6424987713049031
mfcc_28_std_segmean,0.2178521858289466,0.642708791551941
mfcc_16_min_segstd,0.21778123324640564,0.6427628074831169
mfcc_35_std_segstd,0.21732220301786626,0.6431125253258763
mfcc_delta_36_mean_segstd,0.21617593731739695,0.6439877948767482
mfcc_delta_29_std_segstd,0.2150012474549289,0.6448877097543629
mel_055_mean_segmean,0.21227188589134308,0.6469902629174505
mfcc_32_max_segmean,0.21062082555057357,0.6482701392170878
mfcc_delta_17_mean_segmean,0.2063244248682883,0.6516294255220164
mfcc_31_std_segstd,0.203455292528082,0.653896385187746
mfcc_07_std_segstd,0.20152047169802093,0.6554360383260057
mfcc_05_median_segstd,0.20126014647335658,0.6556438736421923
mfcc_18_min_segstd,0.2012236474050389,0.6556730262675018
mel_038_mean_segmean,0.2002717145327075,0.656434483516124
mel_094_mean_segmean,0.2001741364171335,0.6565126598700878
mfcc_14_max_segstd,0.1999378648579488,0.656702047838395
mfcc_delta_28_std_segstd,0.19965090120240517,0.6569322501674704
mfcc_02_min_segmean,0.19365007632653083,0.6617923584893556
mel_023_mean_segstd,0.19085944261637672,0.6640832546755763
mfcc_14_mean_segstd,0.19016941450948657,0.6646527955505793
mel_083_mean_segstd,0.18860149660353911,0.6659515349919319
mel_095_mean_segmean,0.18784809325906113,0.6665778840708575
mfcc_delta_29_mean_segmean,0.18764003476427937,0.6667511190188472
mfcc_37_mean_segstd,0.18735078793943158,0.6669921435960133
mfcc_14_min_segmean,0.18495923129355737,0.6689935240461784
mfcc_21_max_segstd,0.18464892461742038,0.6692543298759774
mfcc_06_min_segmean,0.18340307947160583,0.6703040627209519
mfcc_delta_16_mean_segstd,0.1828939731630598,0.6707342466034388
mfcc_39_min_segstd,0.18198091300915445,0.6715075447401319
mfcc_delta_05_mean_segstd,0.17871153626728803,0.6742954767870455
mfcc_23_median_segmean,0.17586713444167004,0.6767456339299728
mfcc_06_median_segmean,0.17197447839446614,0.6801368992119681
mfcc_delta_24_std_segmean,0.17174919645687242,0.6803345392698493
mfcc_27_std_segstd,0.17129777610754005,0.6807310294398186
mfcc_25_min_segstd,0.1708330808601703,0.6811398204263747
mfcc_03_min_segstd,0.16884617173415306,0.6828950957828781
mel_046_mean_segmean,0.16713630604491717,0.6844153385860633
mel_033_mean_segmean,0.16409096429730122,0.6871456406662962
mel_053_mean_segmean,0.1638180207193482,0.6873917879786041
mfcc_20_std_segstd,0.1633638540264876,0.6878018975216658
chroma_06_min_segmean,0.16320494080744047,0.687945552098495
mfcc_02_mean_segstd,0.1574585962299323,0.6931958627934491
chroma_04_median_segstd,0.15738847904032793,0.6932606091619132
mfcc_36_max_segmean,0.1543704860582793,0.6960634348345597
mfcc_36_std_segmean,0.15152285273762986,0.6987372633153076
chroma_02_max_segstd,0.15001439558669122,0.7001654145993862
mfcc_05_mean_segmean,0.14995039671400465,0.7002261890464896
mfcc_delta_08_mean_segstd,0.14965418206837797,0.7005076745068793
mfcc_12_min_segstd,0.14846233138108736,0.7016435159372011
mfcc_22_mean_segmean,0.14793044080014175,0.7021521048964434
chroma_10_std_segmean,0.14696650255703247,0.7030765010381539
mfcc_26_mean_segstd,0.14459640986124717,0.7053642834435898
mfcc_delta_37_mean_segmean,0.14396513908530975,0.7059772541507675
mfcc_34_std_segstd,0.14325657671268469,0.7066671138077815
mfcc_03_mean_segstd,0.14283936852599288,0.707074224349846
mfcc_delta_26_std_segmean,0.1415858347991637,0.7083015304681207
mel_122_mean_segmean,0.14092141262155367,0.7089545726118603
mfcc_33_min_segmean,0.1407329246878627,0.7091401525830677
mel_032_mean_segstd,0.1397794398999957,0.7100811107438902
mfcc_22_median_segmean,0.13813235321776876,0.7117152314149553
mfcc_26_min_segstd,0.1378357867993317,0.712010642154681
mfcc_delta_38_std_segmean,0.13584031495960924,0.7140078220590367
mel_047_mean_segmean,0.13525073726445705,0.7146010971132385
mel_004_mean_segstd,0.13478587118314006,0.7150699164597911
mel_069_mean_segstd,0.13301904525136682,0.7168602023233273
mfcc_15_max_segstd,0.13212857149665297,0.7177676189438097
mfcc_34_median_segmean,0.12986509244993508,0.7200898888080622
mfcc_26_max_segmean,0.1296485479998093,0.7203132553420147
mfcc_04_max_segstd,0.1280762160504744,0.7219414902920602
spectral_contrast_2_std_segstd,0.12787776815375673,0.722147795357399
mfcc_17_min_segstd,0.1268296390208089,0.7232404351476958
onset_strength_std_segstd,0.12555342045912093,0.7245777548206551
spectral_contrast_6_std_segstd,0.12420481303098187,0.7259992850085343
mfcc_delta_28_mean_segstd,0.1225987416996227,0.7277035877989393
mel_034_mean_segmean,0.12235130500939749,0.7279672727136499
mfcc_35_min_segstd,0.12234239809678742,0.7279767700977849
mfcc_delta_02_mean_segmean,0.12178519063390156,0.7285716914444356
chroma_11_min_segmean,0.12101734783733349,0.7293940163251537
mfcc_05_mean_segstd,0.11876076641214338,0.7318278042620731
mel_042_mean_segmean,0.11697463286438595,0.7337726395566551
chroma_11_mean_segstd,0.1154402050554998,0.7354567163713296
mfcc_17_median_segmean,0.11467076052410445,0.7363059137958552
mfcc_24_max_segmean,0.11433079861624444,0.7366821261897343
mfcc_29_max_segmean,0.11304099220957625,0.7381151722099951
mel_036_mean_segstd,0.11254289983343022,0.7386710197660082
mfcc_18_mean_segstd,0.112390469160982,0.7388413990902263
mfcc_delta_19_mean_segmean,0.11225683603777062,0.73899087340968
mfcc_05_max_segstd,0.11181848855075187,0.7394818807478828
mel_067_mean_segstd,0.11134275453676344,0.7400159804584774
chroma_08_std_segmean,0.11030493194204193,0.741185553396013
mfcc_11_min_segstd,0.1098969319693038,0.7416470240729522
mfcc_delta_14_mean_segmean,0.10967994301813307,0.7418928386937453
mfcc_09_mean_segstd,0.10875653518867649,0.7429419495133419
mfcc_08_std_segstd,0.10827883271964729,0.7434866235734373
mfcc_delta_36_std_segmean,0.10533661627126711,0.7468710999137901
mel_063_mean_segstd,0.10421671550759828,0.7481730817840899
chroma_05_max_segstd,0.10290312138129207,0.7497101482486578
mfcc_delta_22_std_segstd,0.10210017537283522,0.7506550370044422
mel_001_mean_segstd,0.1020492789568148,0.7507150687989094
mfcc_30_median_segstd,0.10175202948847396,0.7510660019817611
chroma_07_std_segmean,0.1005714271881045,0.7524654363363588
mfcc_delta_35_mean_segstd,0.09964027856731784,0.7535755794468062
mfcc_37_max_segmean,0.09897051177487161,0.7543776327494128
mfcc_delta_14_std_segstd,0.09825483230791078,0.755237975430783
mel_123_mean_segmean,0.09720888942341978,0.7565015613185885
mel_066_mean_segstd,0.0969189794812989,0.7568531178434287
zcr_std_segmean,0.09686158265801233,0.7569227880360759
mfcc_33_max_segmean,0.0962140304022484,0.7577103848246437
mfcc_24_std_segmean,0.09490483074683356,0.7593116574850491
mel_062_mean_segstd,0.09453675408973601,0.7597640284191791
zcr_max_segmean,0.09067512847231235,0.7645693482997943
mfcc_delta_21_std_segstd,0.09053576000094289,0.7647448478897745
mfcc_14_mean_segmean,0.08984224398210106,0.7656203582992729
mfcc_38_std_segmean,0.08818216636923237,0.7677311703677977
chroma_09_median_segmean,0.08784364438731744,0.768164258008145
mfcc_31_mean_segstd,0.08754946864139122,0.7685413502356284
mfcc_28_mean_segstd,0.0846806293623256,0.7722555408030827
mel_010_mean_segstd,0.08462359050715108,0.7723300752260729
mfcc_39_mean_segstd,0.0827414158023544,0.7748050413142128
mfcc_38_mean_segmean,0.08257514779069666,0.7750251369499221
mfcc_20_mean_segstd,0.0819356757297294,0.7758738778744066
chroma_06_median_segmean,0.08157109582656014,0.7763593743592545
mel_011_mean_segmean,0.08106181415049094,0.7770395357352637
spectral_contrast_7_std_segmean,0.08050715505805649,0.7777829365634443
mfcc_13_max_segmean,0.07931538990658614,0.7793896674880997
mel_034_mean_segstd,0.07565614415208027,0.7844061837760872
mel_043_mean_segstd,0.07560802344850044,0.7844730148703407
mfcc_23_max_segstd,0.07543393332886247,0.784714986582908
mel_033_mean_segstd,0.07527006323781295,0.7849430281144273
mfcc_13_max_segstd,0.07399505403643779,0.7867265317826256
mfcc_delta_27_mean_segstd,0.07355178594346265,0.7873504500779189
chroma_09_std_segmean,0.07236735860161578,0.7890275607907599
mel_020_mean_segmean,0.07197119107373137,0.7895918069499188
mfcc_delta_15_mean_segmean,0.07017849545480434,0.7921661428014155
mel_068_mean_segstd,0.0684071560930051,0.7947446516223259
mel_025_mean_segmean,0.06838679970081397,0.7947744904794707
mfcc_16_max_segmean,0.06781829548991077,0.7956097433045053
chroma_10_min_segstd,0.0671925486825042,0.7965334361276838
chroma_05_min_segstd,0.0671697243752248,0.7965672148094602
chroma_03_median_segstd,0.065789558209812,0.7986212935898198
mel_042_mean_segstd,0.06569124143982233,0.7987684905740016
mfcc_09_median_segstd,0.06540442768810796,0.7991985724207283
mfcc_22_min_segstd,0.06349009255530456,0.8020952606336667
mfcc_17_mean_segstd,0.06149869842337712,0.8051583280783848
mfcc_36_mean_segstd,0.06141914664792816,0.8052817783297567
chroma_05_min_segmean,0.061253819767939616,0.8055386083417241
chroma_06_mean_segstd,0.06110095736944261,0.8057764030142018
mfcc_delta_15_mean_segstd,0.0606082294276046,0.8065450548610404
chroma_07_min_segmean,0.06040496365339625,0.8068631142929258
mfcc_14_median_segstd,0.058243453219424965,0.8102810738955868
mfcc_34_max_segmean,0.05779283621721177,0.8110020522823521
mfcc_03_mean_segmean,0.057423518629107856,0.8115951755213624
mfcc_27_median_segstd,0.05738351095135948,0.8116595488288529
spectral_contrast_3_mean_segmean,0.05737534390754341,0.8116726927161202
mel_004_mean_segmean,0.057114086589555295,0.8120936789614285
chroma_07_mean_segstd,0.057068806382379884,0.8121667463603928
mfcc_06_mean_segstd,0.056881244228248376,0.8124697372813068
mel_097_mean_segmean,0.05678084280879328,0.812632144545106
mfcc_25_std_segstd,0.05665957763106207,0.8128285032435771
mfcc_32_min_segmean,0.056077310430711645,0.8137744496282023
mfcc_35_mean_segstd,0.05592427278507273,0.814023934003254
mfcc_delta_19_mean_segstd,0.05563704089714972,0.8144931598981408
mel_031_mean_segstd,0.05454574640934774,0.8162876822219002
mfcc_34_min_segmean,0.053056873325873534,0.8187668203321692
mel_061_mean_segstd,0.05234320167576387,0.8199681657817807
mfcc_09_max_segmean,0.05232942697143768,0.8199914377727459
mel_014_mean_segstd,0.05228510237577023,0.8200663448817378
mfcc_delta_22_mean_segstd,0.049717731106677564,0.8244635969523575
mfcc_delta_20_std_segstd,0.049225079132397515,0.8253209332707268
mel_028_mean_segstd,0.04828365237342686,0.8269718698925269
mel_048_mean_segmean,0.04695557289280809,0.829329841250186
mfcc_04_mean_segmean,0.0469255903322428,0.8293834753788418
mfcc_delta_10_mean_segmean,0.045236465061384526,0.8324345761166642
mfcc_33_median_segmean,0.04516571731865288,0.8325636593470175
mfcc_06_mean_segmean,0.04487371683413762,0.8330975527803334
mfcc_11_std_segstd,0.04374411089811057,0.8351802186561323
mfcc_23_mean_segmean,0.04358406548379435,0.83547755843676
mel_035_mean_segstd,0.04303256788371079,0.8365065475144992
spectral_centroid_std_segmean,0.04249626286754498,0.837513812356538
mfcc_17_median_segstd,0.042463469299944906,0.8375756184030104
mel_050_mean_segmean,0.04157555576354086,0.8392586301457088
mfcc_18_std_segstd,0.04119666142670155,0.839982512350836
mfcc_31_median_segstd,0.039340626847691386,0.8435796364523278
chroma_07_median_segmean,0.038983983991576,0.8442808795947017
mfcc_27_max_segmean,0.03896725159912342,0.844313861134314
duration_s_segmean,0.0383805750914213,0.8454749594688394
mfcc_39_mean_segmean,0.03818856248602937,0.8458569745758272
mfcc_28_std_segstd,0.03705474732362044,0.8481333558582781
mel_013_mean_segstd,0.035287564731253114,0.851754647667176
mel_021_mean_segstd,0.03455407723255665,0.8532852537849803
mfcc_delta_09_mean_segmean,0.03442695587171937,0.8535522289930101
chroma_10_min_segmean,0.03346120181101968,0.8555973489304788
mfcc_36_median_segstd,0.032129053479870905,0.8584691089650462
mel_039_mean_segstd,0.03194197476120919,0.8588772915474401
mfcc_08_max_segmean,0.029962481046506104,0.8632742274143164
mfcc_delta_27_std_segstd,0.029045410895674986,0.8653619929183132
onset_strength_max_segstd,0.02866154768659254,0.8662459469144957
mfcc_34_mean_segmean,0.028360924158425487,0.8669424805015326
mel_049_mean_segmean,0.027899625924650402,0.8680187187772214
mfcc_38_min_segmean,0.027796477464446058,0.8682606199176285
mfcc_25_mean_segmean,0.02765864579324745,0.8685845808063342
mel_002_mean_segstd,0.027599630758200835,0.8687235440387983
mfcc_31_min_segmean,0.02745620688328221,0.8690619035506887
mfcc_delta_25_mean_segstd,0.027373435902468303,0.8692575868694944
mel_047_mean_segstd,0.027126560141449093,0.8698430521212482
chroma_06_std_segmean,0.026938789281549507,0.870290185649749
mfcc_29_mean_segmean,0.026931555236185237,0.8703074438624953
mfcc_delta_13_mean_segstd,0.026345573586547526,0.8717134118249827
mfcc_30_min_segmean,0.025790280422794253,0.8730606419975439
mfcc_26_mean_segmean,0.025708190638959502,0.8732610633948823
mfcc_28_max_segmean,0.025031475354194213,0.874925924477861
mfcc_delta_18_std_segstd,0.024995662492488552,0.8750146709477349
chroma_11_std_segmean,0.024785249899735295,0.875537408144058
mfcc_35_max_segmean,0.024713474622929173,0.8757162426582921
zcr_max_segstd,0.024535767930492575,0.8761601636595072
mel_096_mean_segmean,0.023915547974699542,0.8777225602471967
mfcc_delta_37_mean_segstd,0.02329946308307985,0.8792952246031888
mel_024_mean_segmean,0.022797166781375455,0.8805932460788417
zcr_mean_segmean,0.02229810234065667,0.8818974895436332
mfcc_26_std_segmean,0.022261104423216185,0.8819947706974574
mfcc_38_min_segstd,0.02215661640802163,0.8822699554919158
chroma_09_std_segstd,0.020700897394847633,0.8861750913083065
mfcc_24_max_segstd,0.019574961204897625,0.8892927508024355
mfcc_20_min_segstd,0.019305082969504044,0.8900535252831262
mfcc_29_median_segmean,0.019148839764367067,0.8904964477336725
mfcc_delta_25_std_segstd,0.018994176802031658,0.8909367086159655
mfcc_delta_17_mean_segstd,0.01895021173692862,0.8910621920494028
mel_023_mean_segmean,0.018051188939353837,0.8936614588208561
mfcc_35_mean_segmean,0.017939501971283453,0.8939889326510146
mfcc_37_mean_segmean,0.01728159770296855,0.8959393802180662
mfcc_14_median_segmean,0.01703716884424185,0.8966736289142611
mfcc_02_median_segmean,0.016839969284366027,0.8972699183143619
mel_065_mean_segstd,0.015994967471639532,0.8998661529542835
spectral_contrast_6_mean_segstd,0.015962758992641633,0.8999664752529338
mfcc_13_mean_segstd,0.015879929623062304,0.9002249438217269
mfcc_04_mean_segstd,0.01527217520937595,0.902142771754887
chroma_06_mean_segmean,0.014761416385556572,0.9037847079208023
mfcc_25_max_segstd,0.01445582502934184,0.9047809066932395
mel_045_mean_segmean,0.013097304836247452,0.9093446031430916
mfcc_delta_21_mean_segstd,0.012775795047976572,0.9104593267848505
mfcc_delta_04_mean_segmean,0.01264481217365215,0.910917533971335
mel_051_mean_segmean,0.010793485247477213,0.9176709057736812
mel_044_mean_segmean,0.01062021380325631,0.9183320059242724
mfcc_37_median_segmean,0.010366470300912112,0.9193100553852062
mel_035_mean_segmean,0.010043029376927201,0.9205744604728207
mfcc_delta_40_mean_segstd,0.00999264453553458,0.9207732682500318
mfcc_delta_40_mean_segmean,0.009205021243967626,0.9239495152207511
mfcc_16_max_segstd,0.009187892291732754,0.9240200856208032
mfcc_37_min_segmean,0.009186529475387185,0.9240257032043415
mfcc_07_max_segstd,0.008892472217226124,0.9252478148677663
mfcc_delta_31_mean_segstd,0.008839226328334374,0.9254712758049426
mfcc_39_median_segmean,0.008461930232725687,0.9270745529464649
mfcc_11_max_segstd,0.008348336283763276,0.9275642896223254
mfcc_13_min_segstd,0.008285951607472907,0.9278346781807709
mfcc_28_median_segstd,0.007766577223242825,0.9301268232438539
mfcc_27_mean_segstd,0.007373657930097758,0.9319126978445046
mel_012_mean_segmean,0.006720653382955453,0.9349902429768707
mfcc_03_median_segmean,0.0065659413216217705,0.9357411862507761
mel_022_mean_segstd,0.0060427965603781515,0.9383487651401025
mfcc_26_min_segmean,0.00580816059124121,0.939555135402216
chroma_04_min_segmean,0.005645699696368508,0.9404048424399145
mel_043_mean_segmean,0.0055720158362563095,0.9407942765677102
mfcc_delta_20_mean_segstd,0.005053045266562813,0.9436138553680609
mfcc_delta_24_std_segstd,0.004967499931090176,0.9440923738248982
mfcc_delta_01_mean_segmean,0.004896621596669389,0.9444919950027028
mfcc_23_std_segstd,0.004862006263853545,0.9446882170881332
mel_022_mean_segmean,0.004712826169974511,0.9455420087876507
chroma_07_min_segstd,0.004431213593084379,0.9471915979211475
spectral_contrast_2_mean_segstd,0.004320821239560957,0.9478525617147102
mel_007_mean_segmean,0.004225222485111221,0.9484318354475274
mfcc_24_std_segstd,0.0042031544884084445,0.9485664870981438
onset_strength_mean_segstd,0.00407935364505615,0.949328550944631
mfcc_delta_23_mean_segstd,0.003935504658765316,0.9502287583547451
chroma_06_min_segstd,0.0037920755221084643,0.9511429397005339
mel_038_mean_segstd,0.0036476401945447936,0.9520812481576645
mel_021_mean_segmean,0.003058926840891035,0.9561138493843577
mel_052_mean_segmean,0.002719122548062034,0.9586207693426706
mel_027_mean_segstd,0.0025472300727637023,0.9599488681546412
mel_013_mean_segmean,0.002456590779639156,0.9606672958727788
mfcc_delta_37_std_segmean,0.002413373721723469,0.9610145208892158
mel_030_mean_segstd,0.0024063821190663014,0.9610709865374811
mfcc_delta_14_mean_segstd,0.0023176254369162473,0.9617950815432024
mfcc_07_min_segmean,0.002316343486952151,0.9618056408419845
mfcc_delta_19_std_segstd,0.0022958517437133507,0.9619748286669896
mfcc_23_min_segstd,0.002284922468421424,0.9620653745443439
mfcc_delta_12_mean_segstd,0.0021660208087650114,0.9630648255820401
mfcc_33_min_segstd,0.0021634437135314207,0.9630867883803697
mfcc_40_median_segstd,0.00183377287236454,0.9660135239371601
mfcc_18_median_segstd,0.0015427240518904007,0.9688255376192012
mel_045_mean_segstd,0.0013632769809725541,0.9706937571625263
spectral_contrast_3_mean_segstd,0.0013238213354685021,0.9711207644111918
chroma_02_min_segstd,0.0012672126440643236,0.9717446993375042
mfcc_25_median_segmean,0.0012527192545466273,0.9719066758443932
mfcc_delta_23_std_segstd,0.001221861952094383,0.9722546886643605
mfcc_delta_01_mean_segstd,0.0011876055243428393,0.9726462316284551
spectral_contrast_1_mean_segmean,0.0010269361514800017,0.9745630730882477
mfcc_delta_32_mean_segstd,0.0007763850301012372,0.9778817891929199
mfcc_26_std_segstd,0.000629164967735515,0.9800884737311034
mfcc_delta_16_mean_segmean,0.0005819341703008244,0.980850267977558
mfcc_delta_11_mean_segmean,0.0004083445918768236,0.983958240884254
mel_014_mean_segmean,0.00036717230365565143,0.9847883409285769
mel_044_mean_segstd,0.0003640262283310602,0.9848536427396165
mfcc_33_mean_segstd,0.0001860586012191189,0.9891712114605742
mfcc_08_min_segstd,0.00015673963196098108,0.9900609111461108
mfcc_delta_26_std_segstd,0.00012034048722104118,0.9912910513101281
mfcc_21_max_segmean,0.00010774532723620982,0.9917593778506559
mfcc_delta_03_mean_segstd,8.50420918686736e-05,0.9926788480218776
mfcc_delta_03_mean_segmean,6.931727581836047e-05,0.9933902602602751
mfcc_12_std_segstd,4.580407233863268e-05,0.9946269931035071
mfcc_37_std_segmean,2.0569829452116897e-05,0.9963993362987446
mfcc_delta_33_mean_segmean,5.056492139142791e-07,0.9994354617604113
mel_046_mean_segstd,2.718965053373492e-07,0.9995860284203831
chroma_09_max_segmean,,
chroma_09_max_segstd,,
